USE ulaval_market;

INSERT INTO categories (category_id, name, icon, parent_id, description) VALUES
(1, 'Livres & Cours', '📚', NULL, 'Manuels, notes de cours et livres universitaires'),
(2, 'Sciences', '🔬', 1, 'Livres de sciences et laboratoire'),
(3, 'Génie', '⚙️', 1, 'Manuels de génie et ingénierie'),
(4, 'Lettres & SHS', '📖', 1, 'Sciences humaines, littérature, histoire'),
(5, 'Électronique', '💻', NULL, 'Ordinateurs, tablettes, accessoires tech'),
(6, 'Calculatrices', '🧮', 5, 'Calculatrices graphiques et scientifiques'),
(7, 'Ordinateurs', '🖥️', 5, 'Laptops, desktops et composants'),
(8, 'Fournitures', '✏️', NULL, 'Cahiers, stylos, sacs à dos'),
(9, 'Mobilier', '🪑', NULL, 'Meubles pour appartement étudiant'),
(10, 'Location', '🏠', NULL, 'Sous-location logements, colocs'),
(11, 'Transport', '🚲', NULL, 'Vélos, voitures, transport local'),
(12, 'Billets & Événements', '🎫', NULL, 'Billets pour événements étudiants');

INSERT INTO users (user_id, idul, email, password_hash, is_verified, is_active, created_at, updated_at, deleted_at) VALUES
(1, 'abk1234', 'alex.b@ulaval.ca', '$2y$10$92IXUNpkjO0rOQ5byMi.Ye4oKoEa3Ro9llC/.og/at2.uheWG/igi', TRUE, TRUE, '2024-01-15 10:30:00', '2024-01-15 10:30:00', NULL),
(2, 'jdl5678', 'julie.d@ulaval.ca', '$2y$10$92IXUNpkjO0rOQ5byMi.Ye4oKoEa3Ro9llC/.og/at2.uheWG/igi', TRUE, TRUE, '2024-01-20 14:22:00', '2024-01-20 14:22:00', NULL),
(3, 'mtm9012', 'marc.t@ulaval.ca', '$2y$10$92IXUNpkjO0rOQ5byMi.Ye4oKoEa3Ro9llC/.og/at2.uheWG/igi', TRUE, TRUE, '2024-02-05 09:15:00', '2024-02-05 09:15:00', NULL),
(4, 'srb3456', 'sarah.r@ulaval.ca', '$2y$10$92IXUNpkjO0rOQ5byMi.Ye4oKoEa3Ro9llC/.og/at2.uheWG/igi', TRUE, TRUE, '2024-02-12 16:45:00', '2024-02-12 16:45:00', NULL),
(5, 'lbg7890', 'luc.b@ulaval.ca', '$2y$10$92IXUNpkjO0rOQ5byMi.Ye4oKoEa3Ro9llC/.og/at2.uheWG/igi', FALSE, TRUE, '2024-02-18 11:00:00', '2024-02-18 11:00:00', NULL),
(6, 'emc2345', 'emma.c@ulaval.ca', '$2y$10$92IXUNpkjO0rOQ5byMi.Ye4oKoEa3Ro9llC/.og/at2.uheWG/igi', TRUE, TRUE, '2024-03-01 13:30:00', '2024-03-01 13:30:00', NULL),
(7, 'nfl6789', 'noah.f@ulaval.ca', '$2y$10$92IXUNpkjO0rOQ5byMi.Ye4oKoEa3Ro9llC/.og/at2.uheWG/igi', TRUE, TRUE, '2024-03-10 08:20:00', '2024-03-10 08:20:00', NULL),
(8, 'opg0123', 'olivia.g@ulaval.ca', '$2y$10$92IXUNpkjO0rOQ5byMi.Ye4oKoEa3Ro9llC/.og/at2.uheWG/igi', TRUE, FALSE, '2024-03-15 19:00:00', '2024-03-15 19:00:00', '2024-04-01 10:00:00');

INSERT INTO users_profiles (profile_id, username, program, rating, created_at, updated_at) VALUES
(1, 'alex_genie', 'Génie logiciel', 4.75, '2024-01-15 10:30:00', '2024-02-01 14:00:00'),
(2, 'julie_bio', 'Biologie', 5.00, '2024-01-20 14:22:00', '2024-01-20 14:22:00'),
(3, 'marc_chimie', 'Chimie', 4.50, '2024-02-05 09:15:00', '2024-03-01 10:30:00'),
(4, 'sarah_lettres', 'Lettres françaises', 4.00, '2024-02-12 16:45:00', '2024-02-12 16:45:00'),
(5, 'luc_actif', 'Actuariat', 0.00, '2024-02-18 11:00:00', '2024-02-18 11:00:00'),
(6, 'emma_design', 'Design graphique', 4.80, '2024-03-01 13:30:00', '2024-03-15 09:00:00'),
(7, 'noah_droit', 'Droit', 3.50, '2024-03-10 08:20:00', '2024-03-20 16:00:00');

INSERT INTO listings (listing_id, seller_id, title, description, Program, price, category_id, item_condition, location, is_sold, is_deleted, view_count, favorite_count, created_at, updated_at) VALUES
(1, 1, 'Calculatrice TI-83 Plus', 'Calculatrice graphique parfaite pour calcul 1 et 2. Peu utilisée, fonctionne parfaitement. Piles neuves incluses.', 'GEL', 65.00, 6, 'Bon état', 'Pavillon Alexandre-Vachon', FALSE, FALSE, 45, 3, '2024-02-10 10:00:00', '2024-02-10 10:00:00'),
(2, 1, 'Manuel GLO-1901 Introduction à la programmation', 'Livre de cours complet pour GLO-1901. Quelques annotations au crayon mais très propre.', 'GEL', 35.00, 3, 'Bon état', 'Pavillon Adrien-Pouliot', FALSE, FALSE, 28, 1, '2024-02-12 14:30:00', '2024-02-12 14:30:00'),
(3, 2, 'Microscope portable pour labo', 'Microscope de poche 200x, idéal pour les travaux pratiques en biologie. Très bon état.', 'BIO', 120.00, 2, 'Comme neuf', 'Pavillon Charles-Eugène-Marchand', FALSE, FALSE, 15, 5, '2024-02-15 09:00:00', '2024-02-15 09:00:00'),
(4, 2, 'Collection complète Botanique Systématique', '4 volumes de la collection botanique. Incontournable pour les cours avancés.', 'BIO', 80.00, 2, 'Bon état', 'Pavillon Charles-Eugène-Marchand', FALSE, FALSE, 12, 0, '2024-02-18 16:00:00', '2024-02-18 16:00:00'),
(5, 3, 'MacBook Air M1 2020', 'MacBook Air M1, 8GB RAM, 256GB SSD. Parfait pour la programmation et les cours en ligne. Avec chargeur original.', 'CHM', 750.00, 7, 'Comme neuf', 'Résidences étudiantes', FALSE, FALSE, 120, 8, '2024-02-20 11:00:00', '2024-02-22 09:30:00'),
(6, 4, 'Histoire de la littérature française - Tome complet', 'Ouvrage de référence pour les cours de littérature. Édition de poche, très pratique.', 'FLE', 25.00, 4, 'Usagé', 'Pavillon Félix-Antoine-Savard', TRUE, FALSE, 8, 0, '2024-02-22 13:00:00', '2024-02-25 10:00:00'),
(7, 6, 'Affiches et planches design', 'Lot de 20 affiches et planches de design graphique pour inspiration et décoration bureau.', 'DES', 30.00, 8, 'Neuf', 'Pavillon Ferdinand-Vandry', FALSE, FALSE, 22, 4, '2024-03-01 15:00:00', '2024-03-01 15:00:00'),
(8, 6, 'iPad Air 4 + Apple Pencil', 'iPad Air 4ème génération 64GB avec Apple Pencil. Idéal pour prendre des notes en cours.', 'DES', 450.00, 5, 'Comme neuf', 'Pavillon Ferdinand-Vandry', FALSE, FALSE, 65, 6, '2024-03-05 10:00:00', '2024-03-08 14:00:00'),
(9, 7, 'Droit administratif - Dalloz', 'Manuel de référence pour le cours de droit administratif. Édition 2022.', 'DRT', 45.00, 4, 'Bon état', 'Pavillon Gene-H.-Kruger', FALSE, FALSE, 18, 2, '2024-03-10 14:00:00', '2024-03-10 14:00:00'),
(10, 1, 'Chaise de bureau ergonomique', 'Chaise de bureau ajustable, très confortable pour les longues sessions d''étude.', 'GEL', 85.00, 9, 'Bon état', 'Appartement Plateau', FALSE, FALSE, 34, 1, '2024-03-12 09:00:00', '2024-03-12 09:00:00'),
(11, 3, 'Lot de verrerie laboratoire', 'Erlenmeyers, béchers, éprouvettes graduées. Ensemble complet pour les travaux pratiques.', 'CHM', 40.00, 2, 'Comme neuf', 'Pavillon Alexandre-Vachon', FALSE, FALSE, 7, 0, '2024-03-15 16:30:00', '2024-03-15 16:30:00'),
(12, 2, 'Vélo hybride cadet', 'Vélo hybride 21 vitesses, parfait pour se déplacer sur le campus. Avec antivol.', 'BIO', 180.00, 11, 'Bon état', 'Résidences PEPS', FALSE, FALSE, 45, 3, '2024-03-18 11:00:00', '2024-03-20 09:00:00'),
(13, 5, 'Calculatrice scientifique Casio fx-991ES PLUS', 'Calculatrice scientifique non-graphique. Autorisée en examens.', 'ACT', 25.00, 6, 'Comme neuf', 'Pavillon Vachon', FALSE, FALSE, 8, 0, '2024-03-20 13:00:00', '2024-03-20 13:00:00'),
(14, 7, 'Billets Gala Droit 2024 x2', 'Deux billets pour le Gala du Droit 2024. Ne peux pas y assister.', 'DRT', 60.00, 12, 'Neuf', 'Pavillon Gene-H.-Kruger', FALSE, FALSE, 5, 1, '2024-03-22 18:00:00', '2024-03-22 18:00:00'),
(15, 4, 'Éditions complètes Molière', 'Collection des œuvres complètes de Molière. Reliure dure, excellent état.', 'FLE', 40.00, 4, 'Bon état', 'Pavillon Félix-Antoine-Savard', FALSE, TRUE, 3, 0, '2024-03-25 10:00:00', '2024-03-26 09:00:00');

INSERT INTO listing_pictures (picture_id, listing_id, file_path, is_cover, created_at) VALUES
(1, 1, '/uploads/ti83_1.jpg', TRUE, '2024-02-10 10:00:00'),
(2, 1, '/uploads/ti83_2.jpg', FALSE, '2024-02-10 10:01:00'),
(3, 5, '/uploads/macbook_1.jpg', TRUE, '2024-02-20 11:00:00'),
(4, 5, '/uploads/macbook_2.jpg', FALSE, '2024-02-20 11:01:00'),
(5, 5, '/uploads/macbook_3.jpg', FALSE, '2024-02-20 11:02:00'),
(6, 8, '/uploads/ipad_1.jpg', TRUE, '2024-03-05 10:00:00'),
(7, 8, '/uploads/ipad_2.jpg', FALSE, '2024-03-05 10:01:00'),
(8, 12, '/uploads/velo_1.jpg', TRUE, '2024-03-18 11:00:00'),
(9, 10, '/uploads/chaise_1.jpg', TRUE, '2024-03-12 09:00:00'),
(10, 3, '/uploads/microscope_1.jpg', TRUE, '2024-02-15 09:00:00'),
(11, 6, '/uploads/livre_1.jpg', TRUE, '2024-02-22 13:00:00'),
(12, 7, '/uploads/affiches_1.jpg', TRUE, '2024-03-01 15:00:00'),
(13, 14, '/uploads/gala_1.jpg', TRUE, '2024-03-22 18:00:00'),
(14, 11, '/uploads/verrerie_1.jpg', TRUE, '2024-03-15 16:30:00'),
(15, 2, '/uploads/glo1901_1.jpg', TRUE, '2024-02-12 14:30:00');

INSERT INTO favorites (favorite_id, user_id, listing_id, created_at) VALUES
(1, 2, 5, '2024-02-21 09:00:00'),  -- Julie aime le MacBook
(2, 3, 1, '2024-02-11 10:00:00'),  -- Marc aime la TI-83
(3, 4, 8, '2024-03-06 11:00:00'),  -- Sarah aime l''iPad
(4, 6, 12, '2024-03-19 14:00:00'), -- Emma aime le vélo
(5, 1, 12, '2024-03-19 15:00:00'), -- Alex aime le vélo aussi
(6, 2, 8, '2024-03-07 10:00:00'),  -- Julie aime aussi l''iPad
(7, 7, 6, '2024-02-23 16:00:00'),  -- Noah aime le livre d''histoire
(8, 3, 11, '2024-03-16 09:00:00'), -- Marc aime la verrerie
(9, 4, 7, '2024-03-02 13:00:00'),  -- Sarah aime les affiches
(10, 6, 9, '2024-03-11 10:00:00'); -- Emma aime le livre de droit

INSERT INTO conversations (conversation_id, listing_id, buyer_id, seller_id, last_message_at, created_at, updated_at) VALUES
(1, 1, 3, 1, '2024-02-14 16:30:00', '2024-02-12 10:00:00', '2024-02-14 16:30:00'),
(2, 5, 2, 3, '2024-02-23 14:00:00', '2024-02-22 09:00:00', '2024-02-23 14:00:00'),
(3, 8, 4, 6, '2024-03-07 13:30:00', '2024-03-06 10:00:00', '2024-03-07 13:30:00'),
(4, 12, 1, 2, '2024-03-21 11:45:00', '2024-03-19 14:00:00', '2024-03-21 11:45:00'),
(5, 6, 7, 4, '2024-02-24 09:00:00', '2024-02-23 15:00:00', '2024-02-24 09:00:00'),
(6, 10, 2, 1, '2024-03-14 17:00:00', '2024-03-13 10:00:00', '2024-03-14 17:00:00'),
(7, 3, 1, 2, '2024-02-16 12:00:00', '2024-02-15 11:00:00', '2024-02-16 12:00:00'),
(8, 11, 1, 3, '2024-03-17 10:30:00', '2024-03-16 09:00:00', '2024-03-17 10:30:00'),
(9, 9, 6, 7, '2024-03-12 14:30:00', '2024-03-11 10:00:00', '2024-03-12 14:30:00');

INSERT INTO messages (message_id, conversation_id, sender_id, content, is_read, created_at) VALUES
(1, 1, 3, 'Salut! La calculatrice est encore disponible?', TRUE, '2024-02-12 10:00:00'),
(2, 1, 1, 'Oui elle est dispo! Tu es en quel programme?', TRUE, '2024-02-12 11:30:00'),
(3, 1, 3, 'Chimie, j''en ai besoin pour calcul 2. Elle est vraiment en bon état?', TRUE, '2024-02-12 15:00:00'),
(4, 1, 1, 'Oui parfait état, je l''ai utilisée qu''un semestre. Tu peux la voir sur place si tu veux.', TRUE, '2024-02-12 15:30:00'),
(5, 1, 3, 'Super, on peut se voir demain à Vachon?', FALSE, '2024-02-14 16:30:00'),
(6, 2, 2, 'Bonjour! Je suis intéressée par le MacBook. Tu acceptes les négociations?', TRUE, '2024-02-22 09:00:00'),
(7, 2, 3, 'Salut! Je peux descendre à 700$ mais c''est le minimum, il est quasi neuf.', TRUE, '2024-02-22 18:00:00'),
(8, 2, 2, 'D''accord pour 700$. Tu acceptes de me le montrer avant?', TRUE, '2024-02-23 10:00:00'),
(9, 2, 3, 'Pas de problème, on se voit où?', FALSE, '2024-02-23 14:00:00'),
(10, 3, 4, 'Hi! L''iPad est-il encore sous garantie Apple?', TRUE, '2024-03-06 10:00:00'),
(11, 3, 6, 'Oui il reste 4 mois de garantie Apple! Je peux te montrer le reçu.', TRUE, '2024-03-06 16:00:00'),
(12, 3, 4, 'Parfait! Tu l''utilisais avec quelle app principalement?', TRUE, '2024-03-07 09:00:00'),
(13, 3, 6, 'Procreate et Notability surtout. Tu dessines?', FALSE, '2024-03-07 13:30:00'),
(14, 4, 1, 'Hey! Le vélo est-il un homme ou femme?', TRUE, '2024-03-19 14:00:00'),
(15, 4, 2, 'C''est un modèle unisexe, cadre aluminium taille M.', TRUE, '2024-03-19 18:00:00'),
(16, 4, 1, 'Parfait! Je fais 5''10, ça devrait aller. Tu l''as eu quand?', TRUE, '2024-03-20 10:00:00'),
(17, 4, 2, 'L''année dernière, j''ai fait upgradé à un vélo de route depuis.', FALSE, '2024-03-21 11:45:00'),
(18, 5, 7, 'Bonjour, le livre contient-il les annotations du prof? C''est pour Histoire médiévale avec Tremblay.', TRUE, '2024-02-23 15:00:00'),
(19, 5, 4, 'Oui exactement! J''ai mis des post-it sur les pages importantes pour les examens.', FALSE, '2024-02-24 09:00:00'),
(20, 6, 2, 'Salut! Je cherche une chaise pour mon bureau, celle-ci ajuste en hauteur?', TRUE, '2024-03-13 10:00:00'),
(21, 6, 1, 'Oui complètement ajustable, et le dossier incline aussi.', TRUE, '2024-03-13 19:00:00'),
(22, 6, 2, 'Génial! Tu acceptes l''e-Transfer?', FALSE, '2024-03-14 17:00:00'),
(23, 7, 1, 'Le microscope marche encore? Piles incluses?', TRUE, '2024-02-15 11:00:00'),
(24, 7, 2, 'Oui parfait état! Piles incluses, c''est des AAA.', FALSE, '2024-02-16 12:00:00'),
(25, 8, 1, 'Salut Marc! La verrerie est complète que tu montres ou il y en a plus?', TRUE, '2024-03-16 09:00:00'),
(26, 8, 3, 'J''ai exactement ce qui est sur la photo plus quelques éprouvettes en bonus.', FALSE, '2024-03-17 10:30:00'),
(27, 9, 6, 'Coucou! Le manuel est encore à jour pour le cours de Droit admin 1?', TRUE, '2024-03-11 10:00:00'),
(28, 9, 7, 'Oui c''est l''édition demandée cette année. Peu d''annotations dedans.', FALSE, '2024-03-12 14:30:00');

INSERT INTO listings (listing_id, seller_id, title, description, Program, price, category_id, item_condition, location, is_sold, is_deleted, view_count, favorite_count, created_at, updated_at) VALUES
(16, 3, 'Adaptateur', 'Parfait état, dans sa boîte originale.', 'ECO', 602.15, 7, 'Neuf', 'Pavillon Charles-Eugène-Marchand', False, False, 49, 6, '2024-03-06 00:00:00', '2024-03-06 00:00:00'),
(17, 2, 'Pass festival', 'Parfait état, dans sa boîte originale.', 'ACT', 937.74, 5, 'Comme neuf', 'Bibliothèque', False, False, 46, 8, '2024-02-15 00:00:00', '2024-02-28 00:00:00'),
(18, 4, 'Crayon pratique', 'Idéal pour les étudiants, fonctionne parfaitement.', 'GEL', 580.61, 7, 'Usagé', 'Pavillon Gene-H.-Kruger', False, False, 97, 7, '2024-06-13 00:00:00', '2024-07-10 00:00:00'),
(19, 6, 'Vélo de montagne étudiant', 'Parfait pour débuter.', 'MED', 876.5, 2, 'Neuf', 'Pavillon Charles-Eugène-Marchand', True, False, 54, 3, '2024-04-15 00:00:00', '2024-04-28 00:00:00'),
(20, 4, 'Vélo de montagne', 'Parfait état, dans sa boîte originale.', 'ACT', 705.43, 8, 'Neuf', 'Pavillon Gene-H.-Kruger', False, False, 111, 12, '2024-02-16 00:00:00', '2024-03-09 00:00:00'),
(21, 8, 'Antivol', 'Parfait état, dans sa boîte originale.', 'GEL', 160.53, 9, 'Neuf', 'Café étudiant', False, False, 66, 9, '2024-03-05 00:00:00', '2024-03-19 00:00:00'),
(22, 1, 'Enceinte ULaval', 'Premier arrivé premier servi.', 'ECO', 294.68, 9, 'Bon état', 'Pavillon Gene-H.-Kruger', False, False, 70, 5, '2024-01-28 00:00:00', '2024-02-16 00:00:00'),
(23, 1, 'Microphone', 'En excellent état, peu utilisé.', 'MAT', 908.6, 7, 'Bon état', 'Colocation Sainte-Foy', False, False, 14, 6, '2024-05-06 00:00:00', '2024-05-20 00:00:00'),
(24, 7, 'Planche à dessin', 'Bon état général, quelques signes d''usage.', 'MED', 450.05, 12, 'Comme neuf', 'Pavillon Gene-H.-Kruger', False, False, 148, 6, '2024-03-29 00:00:00', '2024-04-24 00:00:00'),
(25, 5, 'Téléphone', 'En excellent état, peu utilisé.', 'DRT', 1054.81, 11, 'Comme neuf', 'Pavillon Ferdinand-Vandry', True, False, 79, 2, '2024-04-26 00:00:00', '2024-05-25 00:00:00'),
(26, 5, 'Compas pratique', 'Échange possible contre matériel informatique.', 'ACT', 1188.2, 3, 'Neuf', 'Pavillon Charles-Eugène-Marchand', False, False, 52, 2, '2024-03-13 00:00:00', '2024-03-18 00:00:00'),
(27, 3, 'Billet concert', 'Échange possible contre matériel informatique.', 'BIO', 607.52, 9, 'Usagé', 'Résidences PEPS', False, False, 118, 13, '2024-02-27 00:00:00', '2024-03-22 00:00:00'),
(28, 1, 'Notes de cours étudiant', 'Très bon rapport qualité-prix.', 'ECO', 151.05, 3, 'Comme neuf', 'Bibliothèque', False, False, 182, 7, '2024-06-29 00:00:00', '2024-07-28 00:00:00'),
(29, 3, 'Trottinette pratique', 'Premier arrivé premier servi.', 'HIS', 600.17, 6, 'Neuf', 'Pavillon Adrien-Pouliot', True, False, 168, 3, '2024-02-17 00:00:00', '2024-03-01 00:00:00'),
(30, 8, 'Manuel étudiant', 'Indispensable pour la session.', 'BIO', 1086.49, 7, 'Neuf', 'Résidences PEPS', False, False, 181, 8, '2024-03-16 00:00:00', '2024-03-28 00:00:00'),
(31, 8, 'Antivol 2024', 'Échange possible contre matériel informatique.', 'MAT', 913.79, 8, 'Neuf', 'Résidences PEPS', True, False, 111, 1, '2024-02-10 00:00:00', '2024-02-28 00:00:00'),
(32, 4, 'Étagère', 'Échange possible contre matériel informatique.', 'PHY', 834.94, 9, 'Neuf', 'Appartement Plateau', False, False, 175, 9, '2024-05-06 00:00:00', '2024-05-13 00:00:00'),
(33, 7, 'Crayons de couleur pratique', 'En excellent état, peu utilisé.', 'MAT', 1181.28, 4, 'Neuf', 'Colocation Sainte-Foy', False, False, 147, 10, '2024-01-06 00:00:00', '2024-01-23 00:00:00'),
(34, 4, 'Porte-bagages', 'Premier arrivé premier servi.', 'HIS', 1007.81, 11, 'Neuf', 'Pavillon Ferdinand-Vandry', False, False, 98, 8, '2024-02-09 00:00:00', '2024-03-08 00:00:00'),
(35, 8, 'Sac à dos 2024', 'Indispensable pour la session.', 'CHM', 351.6, 9, 'Usagé', 'Pavillon Alexandre-Vachon', False, False, 43, 14, '2024-05-29 00:00:00', '2024-06-18 00:00:00'),
(36, 1, 'Bureau', 'Négociable dans la limite du raisonnable.', 'PHY', 666.4, 4, 'Comme neuf', 'Bibliothèque', False, False, 200, 3, '2024-04-05 00:00:00', '2024-05-02 00:00:00'),
(37, 4, 'Manuel de de qualité', 'Parfait état, dans sa boîte originale.', 'ACT', 477.52, 11, 'Usagé', 'Résidences PEPS', False, False, 128, 11, '2024-04-19 00:00:00', '2024-05-06 00:00:00'),
(38, 1, 'Billet spectacle', 'Négociable dans la limite du raisonnable.', 'DES', 271.99, 4, 'Neuf', 'Pavillon Ferdinand-Vandry', False, False, 8, 3, '2024-05-04 00:00:00', '2024-05-06 00:00:00'),
(39, 8, 'Lumière de vélo de qualité', 'Vendu avec accessoires.', 'DES', 999.55, 5, 'Usagé', 'Café étudiant', False, False, 80, 5, '2024-06-27 00:00:00', '2024-07-15 00:00:00'),
(40, 1, 'Écran étudiant', 'Bon état général, quelques signes d''usage.', 'MAT', 647.73, 11, 'Bon état', 'Pavillon Ferdinand-Vandry', True, False, 14, 11, '2024-01-24 00:00:00', '2024-02-06 00:00:00'),
(41, 1, 'Calculatrice scientifique 2024', 'Vendu avec accessoires.', 'PHY', 1005.26, 2, 'Neuf', 'Colocation Sainte-Foy', False, False, 91, 2, '2024-03-17 00:00:00', '2024-03-19 00:00:00'),
(42, 1, 'Crayons de couleur ULaval', 'Premier arrivé premier servi.', 'DES', 489.88, 9, 'Neuf', 'Pavillon Charles-Eugène-Marchand', False, False, 14, 6, '2024-03-28 00:00:00', '2024-04-17 00:00:00'),
(43, 6, 'Chaise', 'Négociable dans la limite du raisonnable.', 'ACT', 228.34, 5, 'Neuf', 'Résidences étudiantes', False, False, 79, 13, '2024-01-13 00:00:00', '2024-01-26 00:00:00'),
(44, 5, 'Porte-bagages étudiant', 'Parfait état, dans sa boîte originale.', 'FLE', 560.84, 3, 'Bon état', 'Résidences étudiantes', False, False, 9, 0, '2024-06-11 00:00:00', '2024-06-28 00:00:00'),
(45, 6, 'Clavier bluetooth', 'Premier arrivé premier servi.', 'DRT', 68.85, 11, 'Usagé', 'Stationnement PEPS', False, False, 30, 10, '2024-06-16 00:00:00', '2024-07-03 00:00:00'),
(46, 2, 'Enceinte', 'Vendu avec accessoires.', 'PHY', 271.14, 5, 'Usagé', 'Pavillon Gene-H.-Kruger', False, False, 29, 2, '2024-04-28 00:00:00', '2024-05-28 00:00:00'),
(47, 4, 'Bureau ULaval', 'Équipement professionnel, qualité garantie.', 'DRT', 754.09, 5, 'Comme neuf', 'Pavillon Félix-Antoine-Savard', True, False, 98, 6, '2024-06-26 00:00:00', '2024-07-26 00:00:00'),
(48, 2, 'Manuel', 'Idéal pour les étudiants, fonctionne parfaitement.', 'BIO', 498.31, 1, 'Usagé', 'Résidences PEPS', True, False, 63, 8, '2024-04-21 00:00:00', '2024-05-13 00:00:00'),
(49, 1, 'Webcam pour cours', 'Idéal pour les étudiants, fonctionne parfaitement.', 'CHM', 568.87, 5, 'Comme neuf', 'Résidences PEPS', False, False, 116, 12, '2024-04-14 00:00:00', '2024-05-10 00:00:00'),
(50, 3, 'Adaptateur', 'Négociable dans la limite du raisonnable.', 'BIO', 303.5, 12, 'Comme neuf', 'Pavillon Charles-Eugène-Marchand', True, False, 61, 9, '2024-04-05 00:00:00', '2024-04-21 00:00:00'),
(51, 7, 'Règle', 'Parfait pour débuter.', 'BIO', 757.14, 6, 'Neuf', 'Appartement Plateau', False, False, 62, 5, '2024-03-06 00:00:00', '2024-03-30 00:00:00'),
(52, 3, 'Crayon étudiant', 'Échange possible contre matériel informatique.', 'PHY', 240.3, 7, 'Usagé', 'Bibliothèque', False, False, 59, 4, '2024-04-24 00:00:00', '2024-05-14 00:00:00'),
(53, 2, 'Planche à dessin', 'Très bon rapport qualité-prix.', 'ACT', 766.03, 7, 'Neuf', 'Résidences étudiantes', True, False, 59, 1, '2024-02-27 00:00:00', '2024-03-11 00:00:00'),
(54, 7, 'Écran', 'Bon état général, quelques signes d''usage.', 'MED', 532.23, 11, 'Bon état', 'Café étudiant', False, False, 20, 13, '2024-03-09 00:00:00', '2024-04-02 00:00:00'),
(55, 8, 'Table', 'Équipement professionnel, qualité garantie.', 'BIO', 450.46, 3, 'Bon état', 'Résidences étudiantes', False, False, 4, 4, '2024-05-10 00:00:00', '2024-05-31 00:00:00'),
(56, 5, 'Webcam', 'Parfait état, dans sa boîte originale.', 'BIO', 69.43, 5, 'Bon état', 'Café étudiant', False, False, 128, 6, '2024-06-10 00:00:00', '2024-06-17 00:00:00'),
(57, 8, 'Chargeur ULaval', 'Vendu avec accessoires.', 'ECO', 376.56, 7, 'Usagé', 'Café étudiant', False, False, 56, 14, '2024-01-04 00:00:00', '2024-01-13 00:00:00'),
(58, 3, 'Roller pour cours', 'En excellent état, peu utilisé.', 'HIS', 837.98, 1, 'Comme neuf', 'Pavillon Félix-Antoine-Savard', False, False, 57, 14, '2024-06-19 00:00:00', '2024-06-27 00:00:00'),
(59, 8, 'Trottinette ULaval', 'Parfait état, dans sa boîte originale.', 'CHM', 559.72, 12, 'Bon état', 'Pavillon Ferdinand-Vandry', False, False, 100, 10, '2024-01-31 00:00:00', '2024-02-22 00:00:00'),
(60, 1, 'Crayons de couleur', 'Premier arrivé premier servi.', 'HIS', 128.18, 11, 'Bon état', 'Pavillon Alexandre-Vachon', False, False, 8, 8, '2024-02-17 00:00:00', '2024-02-29 00:00:00'),
(61, 1, 'Casque', 'Négociable dans la limite du raisonnable.', 'ACT', 924.39, 11, 'Comme neuf', 'Pavillon Félix-Antoine-Savard', True, False, 11, 5, '2024-05-22 00:00:00', '2024-06-09 00:00:00'),
(62, 1, 'Appartement pour cours', 'Premier arrivé premier servi.', 'ACT', 569.59, 7, 'Comme neuf', 'Résidences étudiantes', False, False, 131, 2, '2024-01-04 00:00:00', '2024-01-24 00:00:00'),
(63, 8, 'Compas pratique', 'Parfait état, dans sa boîte originale.', 'DES', 923.6, 11, 'Neuf', 'Pavillon Charles-Eugène-Marchand', False, False, 133, 5, '2024-01-30 00:00:00', '2024-02-12 00:00:00'),
(64, 7, 'Clavier bluetooth', 'Échange possible contre matériel informatique.', 'PHY', 260.98, 7, 'Comme neuf', 'Pavillon Gene-H.-Kruger', False, False, 104, 6, '2024-02-06 00:00:00', '2024-02-26 00:00:00'),
(65, 2, 'Étagère de qualité', 'Négociable dans la limite du raisonnable.', 'HIS', 1056.71, 10, 'Comme neuf', 'Pavillon Ferdinand-Vandry', False, False, 174, 9, '2024-01-14 00:00:00', '2024-01-14 00:00:00'),
(66, 7, 'Microphone', 'Idéal pour les étudiants, fonctionne parfaitement.', 'MAT', 1070.81, 2, 'Usagé', 'Pavillon Gene-H.-Kruger', False, False, 4, 14, '2024-06-18 00:00:00', '2024-07-08 00:00:00'),
(67, 6, 'Guide d''étude étudiant', 'Échange possible contre matériel informatique.', 'PHY', 824.77, 5, 'Neuf', 'Colocation Sainte-Foy', False, False, 123, 11, '2024-04-06 00:00:00', '2024-05-04 00:00:00'),
(68, 7, 'Souris sans fil', 'Parfait état, dans sa boîte originale.', 'DRT', 843.62, 8, 'Comme neuf', 'Bibliothèque', False, False, 182, 6, '2024-04-03 00:00:00', '2024-04-24 00:00:00'),
(69, 2, 'Calculatrice pour cours', 'Parfait pour débuter.', 'BIO', 544.8, 6, 'Usagé', 'Pavillon Ferdinand-Vandry', False, False, 39, 11, '2024-04-25 00:00:00', '2024-05-18 00:00:00'),
(70, 8, 'Scanner ULaval', 'Échange possible contre matériel informatique.', 'GEL', 137.92, 11, 'Comme neuf', 'Pavillon Adrien-Pouliot', False, False, 62, 15, '2024-06-16 00:00:00', '2024-06-21 00:00:00'),
(71, 2, 'Casque de vélo de qualité', 'Négociable dans la limite du raisonnable.', 'FLE', 550.82, 10, 'Neuf', 'Pavillon Gene-H.-Kruger', False, False, 40, 5, '2024-03-07 00:00:00', '2024-03-07 00:00:00'),
(72, 5, 'Souris sans fil', 'Indispensable pour la session.', 'PHY', 486.52, 2, 'Usagé', 'Stationnement PEPS', False, False, 34, 8, '2024-01-10 00:00:00', '2024-01-27 00:00:00'),
(73, 8, 'Lumière de vélo', 'Idéal pour les étudiants, fonctionne parfaitement.', 'ACT', 403.39, 12, 'Bon état', 'Pavillon Charles-Eugène-Marchand', False, False, 114, 2, '2024-01-24 00:00:00', '2024-01-26 00:00:00'),
(74, 8, 'Compas', 'Parfait pour débuter.', 'DES', 784.9, 3, 'Usagé', 'Pavillon Ferdinand-Vandry', False, False, 126, 0, '2024-04-11 00:00:00', '2024-05-03 00:00:00'),
(75, 6, 'Imprimante étudiant', 'Échange possible contre matériel informatique.', 'DRT', 30.05, 11, 'Neuf', 'Stationnement PEPS', False, False, 34, 7, '2024-03-27 00:00:00', '2024-04-15 00:00:00'),
(76, 2, 'Câble de qualité', 'Comme neuf, acheté il y a 6 mois.', 'MAT', 287.56, 11, 'Bon état', 'Stationnement PEPS', False, False, 137, 0, '2024-06-28 00:00:00', '2024-07-16 00:00:00'),
(77, 1, 'Étagère', 'Vendu avec accessoires.', 'ECO', 30.0, 6, 'Neuf', 'Pavillon Ferdinand-Vandry', False, False, 118, 5, '2024-03-09 00:00:00', '2024-03-13 00:00:00'),
(78, 3, 'Chargeur', 'Parfait pour les cours, très pratique.', 'HIS', 404.21, 4, 'Neuf', 'Stationnement PEPS', False, False, 182, 7, '2024-04-13 00:00:00', '2024-04-27 00:00:00'),
(79, 3, 'Compas ULaval', 'En excellent état, peu utilisé.', 'MED', 947.16, 6, 'Neuf', 'Pavillon Gene-H.-Kruger', False, False, 38, 0, '2024-01-18 00:00:00', '2024-02-10 00:00:00'),
(80, 2, 'Lumière de vélo', 'Premier arrivé premier servi.', 'GEL', 167.33, 8, 'Neuf', 'Pavillon Ferdinand-Vandry', True, False, 174, 3, '2024-01-13 00:00:00', '2024-01-31 00:00:00'),
(81, 8, 'Crayons de couleur', 'Comme neuf, acheté il y a 6 mois.', 'BIO', 1116.28, 6, 'Bon état', 'Colocation Sainte-Foy', True, False, 154, 10, '2024-04-21 00:00:00', '2024-05-16 00:00:00'),
(82, 1, 'Bureau', 'Négociable dans la limite du raisonnable.', 'DRT', 463.36, 9, 'Neuf', 'Appartement Plateau', False, False, 186, 6, '2024-02-14 00:00:00', '2024-03-11 00:00:00'),
(83, 4, 'Notes de cours', 'Échange possible contre matériel informatique.', 'FLE', 460.73, 5, 'Usagé', 'Pavillon Gene-H.-Kruger', False, False, 83, 10, '2024-01-29 00:00:00', '2024-02-03 00:00:00'),
(84, 8, 'Lumière de vélo ULaval', 'Échange possible contre matériel informatique.', 'HIS', 426.6, 9, 'Neuf', 'Résidences PEPS', False, False, 172, 11, '2024-05-06 00:00:00', '2024-05-08 00:00:00'),
(85, 2, 'Tablette de qualité', 'En excellent état, peu utilisé.', 'MED', 484.56, 1, 'Bon état', 'Pavillon Adrien-Pouliot', False, False, 111, 1, '2024-01-11 00:00:00', '2024-01-12 00:00:00'),
(86, 3, 'Skateboard 2024', 'Négociable dans la limite du raisonnable.', 'FLE', 390.87, 7, 'Usagé', 'Résidences PEPS', False, False, 145, 3, '2024-04-07 00:00:00', '2024-04-22 00:00:00'),
(87, 4, 'Chargeur pratique', 'Négociable dans la limite du raisonnable.', 'ACT', 954.0, 3, 'Neuf', 'Pavillon Charles-Eugène-Marchand', True, False, 151, 10, '2024-04-05 00:00:00', '2024-04-10 00:00:00'),
(88, 2, 'Colocation', 'Bon état général, quelques signes d''usage.', 'ACT', 162.19, 11, 'Comme neuf', 'Stationnement PEPS', False, False, 132, 1, '2024-01-24 00:00:00', '2024-01-30 00:00:00'),
(89, 5, 'Webcam étudiant', 'Vendu avec accessoires.', 'MED', 797.66, 7, 'Usagé', 'Pavillon Gene-H.-Kruger', False, False, 121, 15, '2024-01-24 00:00:00', '2024-02-09 00:00:00'),
(90, 2, 'Rapporteur', 'Parfait pour débuter.', 'MED', 1097.93, 12, 'Comme neuf', 'Pavillon Félix-Antoine-Savard', False, False, 180, 9, '2024-01-09 00:00:00', '2024-02-07 00:00:00'),
(91, 6, 'Livre pour cours', 'Premier arrivé premier servi.', 'GEL', 289.48, 7, 'Bon état', 'Résidences étudiantes', False, False, 188, 2, '2024-02-16 00:00:00', '2024-03-01 00:00:00'),
(92, 4, 'Enceinte de qualité', 'Parfait état, dans sa boîte originale.', 'MED', 617.85, 12, 'Neuf', 'Pavillon Félix-Antoine-Savard', False, False, 156, 9, '2024-03-01 00:00:00', '2024-03-14 00:00:00'),
(93, 5, 'Webcam', 'Parfait pour débuter.', 'FLE', 1083.21, 3, 'Comme neuf', 'Pavillon Adrien-Pouliot', False, False, 14, 10, '2024-03-12 00:00:00', '2024-04-08 00:00:00'),
(94, 4, 'Imprimante 2024', 'Équipement professionnel, qualité garantie.', 'ECO', 801.35, 12, 'Neuf', 'Pavillon Alexandre-Vachon', True, False, 56, 6, '2024-03-30 00:00:00', '2024-04-25 00:00:00'),
(95, 4, 'Manuel de pour cours', 'Échange possible contre matériel informatique.', 'ACT', 894.36, 12, 'Bon état', 'Pavillon Félix-Antoine-Savard', False, False, 158, 8, '2024-01-23 00:00:00', '2024-02-16 00:00:00'),
(96, 5, 'Bureau 2024', 'Négociable dans la limite du raisonnable.', 'BIO', 775.06, 3, 'Bon état', 'Résidences PEPS', False, False, 136, 15, '2024-01-03 00:00:00', '2024-01-08 00:00:00'),
(97, 5, 'Guide d''étude', 'Indispensable pour la session.', 'CHM', 715.33, 8, 'Comme neuf', 'Pavillon Gene-H.-Kruger', True, False, 136, 15, '2024-02-24 00:00:00', '2024-02-29 00:00:00'),
(98, 1, 'Vélo pour cours', 'Parfait état, dans sa boîte originale.', 'ECO', 1032.18, 11, 'Usagé', 'Pavillon Gene-H.-Kruger', True, False, 0, 3, '2024-01-15 00:00:00', '2024-01-18 00:00:00'),
(99, 4, 'Tablette', 'Indispensable pour la session.', 'BIO', 579.08, 1, 'Neuf', 'Pavillon Adrien-Pouliot', True, False, 50, 8, '2024-04-02 00:00:00', '2024-04-28 00:00:00'),
(100, 2, 'Crayons de couleur 2024', 'Équipement professionnel, qualité garantie.', 'MED', 695.06, 1, 'Comme neuf', 'Appartement Plateau', False, False, 127, 7, '2024-06-29 00:00:00', '2024-07-25 00:00:00'),
(101, 8, 'Lumière de vélo de qualité', 'Idéal pour les étudiants, fonctionne parfaitement.', 'GEL', 61.75, 10, 'Neuf', 'Pavillon Charles-Eugène-Marchand', False, False, 161, 9, '2024-06-23 00:00:00', '2024-07-04 00:00:00'),
(102, 3, 'Billet concert', 'Parfait état, dans sa boîte originale.', 'MAT', 1112.23, 3, 'Neuf', 'Bibliothèque', False, False, 88, 1, '2024-04-20 00:00:00', '2024-05-20 00:00:00'),
(103, 8, 'Boîte de peinture', 'Premier arrivé premier servi.', 'DRT', 568.76, 5, 'Bon état', 'Bibliothèque', False, False, 6, 3, '2024-05-16 00:00:00', '2024-06-05 00:00:00'),
(104, 3, 'Perforateur étudiant', 'Parfait pour débuter.', 'PHY', 1073.65, 7, 'Usagé', 'Bibliothèque', False, False, 14, 4, '2024-05-19 00:00:00', '2024-06-01 00:00:00'),
(105, 8, 'Lumière de vélo', 'Bon état général, quelques signes d''usage.', 'MAT', 457.97, 3, 'Neuf', 'Pavillon Charles-Eugène-Marchand', False, False, 155, 14, '2024-05-24 00:00:00', '2024-05-31 00:00:00'),
(106, 4, 'Guide d''étude', 'Équipement professionnel, qualité garantie.', 'ACT', 522.15, 8, 'Neuf', 'Appartement Plateau', False, False, 49, 8, '2024-06-04 00:00:00', '2024-06-23 00:00:00'),
(107, 2, 'Téléphone', 'Vendu avec accessoires.', 'ACT', 360.07, 4, 'Bon état', 'Résidences étudiantes', False, False, 196, 14, '2024-05-03 00:00:00', '2024-05-04 00:00:00'),
(108, 1, 'Sous-location 2024', 'Indispensable pour la session.', 'GEL', 1076.91, 4, 'Bon état', 'Pavillon Alexandre-Vachon', False, False, 68, 1, '2024-06-21 00:00:00', '2024-07-14 00:00:00'),
(109, 5, 'Règle pour cours', 'Échange possible contre matériel informatique.', 'DRT', 749.3, 1, 'Bon état', 'Colocation Sainte-Foy', False, False, 112, 11, '2024-05-27 00:00:00', '2024-05-29 00:00:00'),
(110, 6, 'Roller pratique', 'Parfait pour débuter.', 'DRT', 1042.83, 6, 'Usagé', 'Pavillon Alexandre-Vachon', False, False, 169, 15, '2024-04-24 00:00:00', '2024-05-24 00:00:00'),
(111, 5, 'Crayon', 'Premier arrivé premier servi.', 'DRT', 59.48, 6, 'Bon état', 'Stationnement PEPS', False, False, 52, 4, '2024-04-02 00:00:00', '2024-04-17 00:00:00'),
(112, 4, 'Boîte de peinture', 'Bon état général, quelques signes d''usage.', 'DRT', 744.82, 2, 'Usagé', 'Bibliothèque', False, False, 191, 2, '2024-05-11 00:00:00', '2024-06-03 00:00:00'),
(113, 7, 'Scanner étudiant', 'Équipement professionnel, qualité garantie.', 'MAT', 1121.87, 1, 'Comme neuf', 'Pavillon Adrien-Pouliot', False, False, 17, 13, '2024-05-31 00:00:00', '2024-06-08 00:00:00'),
(114, 1, 'Ordinateur', 'Parfait pour débuter.', 'CHM', 744.43, 1, 'Bon état', 'Bibliothèque', False, False, 20, 6, '2024-05-13 00:00:00', '2024-05-16 00:00:00'),
(115, 7, 'Notes de cours', 'Parfait pour débuter.', 'PHY', 871.8, 7, 'Comme neuf', 'Pavillon Charles-Eugène-Marchand', True, False, 199, 9, '2024-02-07 00:00:00', '2024-02-29 00:00:00'),
(116, 1, 'Câble', 'Parfait pour les cours, très pratique.', 'PHY', 951.61, 4, 'Neuf', 'Pavillon Félix-Antoine-Savard', False, False, 137, 6, '2024-06-23 00:00:00', '2024-06-28 00:00:00'),
(117, 8, 'Livre étudiant', 'Idéal pour les étudiants, fonctionne parfaitement.', 'ECO', 892.83, 5, 'Usagé', 'Café étudiant', True, False, 91, 13, '2024-06-05 00:00:00', '2024-06-16 00:00:00'),
(118, 6, 'Livre ULaval', 'Très bon rapport qualité-prix.', 'ECO', 928.56, 12, 'Comme neuf', 'Résidences étudiantes', False, False, 189, 3, '2024-05-17 00:00:00', '2024-05-27 00:00:00'),
(119, 6, 'Stylo', 'Échange possible contre matériel informatique.', 'ACT', 762.24, 8, 'Comme neuf', 'Stationnement PEPS', False, False, 104, 5, '2024-01-04 00:00:00', '2024-01-13 00:00:00'),
(120, 7, 'Stylo de qualité', 'Négociable dans la limite du raisonnable.', 'PHY', 132.23, 3, 'Neuf', 'Stationnement PEPS', False, False, 0, 15, '2024-02-29 00:00:00', '2024-03-07 00:00:00'),
(121, 7, 'Microphone étudiant', 'En excellent état, peu utilisé.', 'ACT', 193.48, 3, 'Usagé', 'Pavillon Adrien-Pouliot', False, False, 133, 14, '2024-06-01 00:00:00', '2024-06-08 00:00:00'),
(122, 7, 'Étagère 2024', 'Comme neuf, acheté il y a 6 mois.', 'DES', 43.16, 11, 'Neuf', 'Résidences étudiantes', False, False, 152, 15, '2024-05-16 00:00:00', '2024-06-10 00:00:00'),
(123, 6, 'Compas', 'En excellent état, peu utilisé.', 'HIS', 20.84, 5, 'Comme neuf', 'Pavillon Ferdinand-Vandry', True, False, 118, 6, '2024-04-28 00:00:00', '2024-05-21 00:00:00'),
(124, 1, 'Guide d''étude', 'Premier arrivé premier servi.', 'PHY', 518.17, 2, 'Usagé', 'Pavillon Charles-Eugène-Marchand', False, False, 185, 0, '2024-06-04 00:00:00', '2024-07-04 00:00:00'),
(125, 5, 'Roller', 'Parfait pour débuter.', 'HIS', 448.45, 4, 'Bon état', 'Résidences PEPS', False, False, 58, 7, '2024-06-20 00:00:00', '2024-06-21 00:00:00'),
(126, 3, 'Calculatrice scientifique pour cours', 'Premier arrivé premier servi.', 'HIS', 286.64, 9, 'Neuf', 'Appartement Plateau', False, False, 18, 2, '2024-05-20 00:00:00', '2024-06-13 00:00:00'),
(127, 7, 'Table', 'Parfait pour débuter.', 'ACT', 211.23, 3, 'Comme neuf', 'Café étudiant', False, False, 150, 9, '2024-06-12 00:00:00', '2024-07-05 00:00:00'),
(128, 1, 'Manuel 2024', 'Indispensable pour la session.', 'MED', 241.22, 3, 'Neuf', 'Pavillon Adrien-Pouliot', False, False, 19, 12, '2024-02-18 00:00:00', '2024-03-02 00:00:00'),
(129, 4, 'Canapé', 'Négociable dans la limite du raisonnable.', 'MED', 155.53, 6, 'Bon état', 'Colocation Sainte-Foy', False, False, 13, 5, '2024-03-26 00:00:00', '2024-03-29 00:00:00'),
(130, 5, 'Webcam 2024', 'Indispensable pour la session.', 'MAT', 511.13, 5, 'Comme neuf', 'Pavillon Ferdinand-Vandry', False, False, 133, 15, '2024-06-16 00:00:00', '2024-06-16 00:00:00'),
(131, 7, 'Sous-location', 'Indispensable pour la session.', 'GEL', 1005.52, 1, 'Comme neuf', 'Bibliothèque', False, False, 34, 11, '2024-03-25 00:00:00', '2024-04-15 00:00:00'),
(132, 5, 'Webcam pratique', 'Vendu avec accessoires.', 'ACT', 18.37, 3, 'Bon état', 'Pavillon Ferdinand-Vandry', False, False, 127, 1, '2024-05-10 00:00:00', '2024-05-15 00:00:00'),
(133, 6, 'Manuel ULaval', 'Idéal pour les étudiants, fonctionne parfaitement.', 'ECO', 217.37, 9, 'Neuf', 'Pavillon Ferdinand-Vandry', False, False, 146, 15, '2024-04-09 00:00:00', '2024-04-29 00:00:00'),
(134, 5, 'Calculatrice scientifique 2024', 'Vendu avec accessoires.', 'DES', 1183.0, 3, 'Neuf', 'Café étudiant', False, False, 47, 4, '2024-01-27 00:00:00', '2024-02-21 00:00:00'),
(135, 4, 'Planche à dessin 2024', 'Équipement professionnel, qualité garantie.', 'GEL', 179.93, 3, 'Comme neuf', 'Pavillon Adrien-Pouliot', False, False, 86, 4, '2024-03-27 00:00:00', '2024-03-27 00:00:00'),
(136, 1, 'Billet spectacle de qualité', 'Échange possible contre matériel informatique.', 'DES', 779.7, 4, 'Neuf', 'Pavillon Adrien-Pouliot', False, False, 127, 2, '2024-05-14 00:00:00', '2024-06-01 00:00:00'),
(137, 2, 'Billet concert', 'Idéal pour les étudiants, fonctionne parfaitement.', 'HIS', 717.13, 10, 'Usagé', 'Pavillon Charles-Eugène-Marchand', False, False, 106, 15, '2024-04-06 00:00:00', '2024-04-08 00:00:00'),
(138, 7, 'Cahier de qualité', 'Parfait état, dans sa boîte originale.', 'ECO', 282.2, 5, 'Comme neuf', 'Pavillon Alexandre-Vachon', True, False, 16, 11, '2024-02-22 00:00:00', '2024-03-23 00:00:00'),
(139, 8, 'Webcam pour cours', 'Comme neuf, acheté il y a 6 mois.', 'FLE', 604.49, 8, 'Comme neuf', 'Résidences étudiantes', False, False, 41, 7, '2024-04-14 00:00:00', '2024-04-14 00:00:00'),
(140, 8, 'Écran 2024', 'Très bon rapport qualité-prix.', 'PHY', 308.81, 12, 'Neuf', 'Café étudiant', False, False, 117, 3, '2024-05-03 00:00:00', '2024-05-31 00:00:00'),
(141, 2, 'Chargeur', 'En excellent état, peu utilisé.', 'CHM', 1017.17, 11, 'Comme neuf', 'Pavillon Alexandre-Vachon', False, False, 8, 10, '2024-05-28 00:00:00', '2024-05-28 00:00:00'),
(142, 6, 'Billet concert', 'Parfait état, dans sa boîte originale.', 'ACT', 730.08, 3, 'Bon état', 'Pavillon Ferdinand-Vandry', False, False, 84, 12, '2024-05-20 00:00:00', '2024-06-12 00:00:00'),
(143, 5, 'Imprimante', 'Parfait pour les cours, très pratique.', 'ECO', 444.98, 2, 'Bon état', 'Stationnement PEPS', True, False, 158, 14, '2024-03-15 00:00:00', '2024-04-04 00:00:00'),
(144, 6, 'Appartement pratique', 'Vendu avec accessoires.', 'PHY', 326.08, 7, 'Bon état', 'Pavillon Adrien-Pouliot', False, False, 113, 3, '2024-04-06 00:00:00', '2024-04-27 00:00:00'),
(145, 1, 'Notes de cours pratique', 'Indispensable pour la session.', 'ACT', 251.82, 7, 'Comme neuf', 'Stationnement PEPS', False, False, 133, 5, '2024-05-23 00:00:00', '2024-06-14 00:00:00'),
(146, 4, 'Agrafeuse étudiant', 'Parfait pour les cours, très pratique.', 'MAT', 846.05, 12, 'Comme neuf', 'Appartement Plateau', False, False, 62, 8, '2024-05-07 00:00:00', '2024-05-16 00:00:00'),
(147, 2, 'Adaptateur', 'Négociable dans la limite du raisonnable.', 'ECO', 1130.84, 5, 'Bon état', 'Pavillon Adrien-Pouliot', False, False, 138, 3, '2024-03-30 00:00:00', '2024-04-24 00:00:00'),
(148, 1, 'Souris ULaval', 'Parfait état, dans sa boîte originale.', 'ACT', 11.32, 12, 'Comme neuf', 'Résidences étudiantes', False, False, 14, 3, '2024-03-04 00:00:00', '2024-03-25 00:00:00'),
(149, 5, 'Planche à dessin', 'Parfait état, dans sa boîte originale.', 'DRT', 599.88, 4, 'Bon état', 'Colocation Sainte-Foy', True, False, 27, 6, '2024-06-25 00:00:00', '2024-06-30 00:00:00'),
(150, 5, 'Boîte de peinture', 'Parfait état, dans sa boîte originale.', 'CHM', 1185.82, 1, 'Usagé', 'Colocation Sainte-Foy', False, False, 106, 6, '2024-05-26 00:00:00', '2024-06-19 00:00:00'),
(151, 2, 'Vélo de montagne 2024', 'Équipement professionnel, qualité garantie.', 'MAT', 802.2, 10, 'Bon état', 'Pavillon Ferdinand-Vandry', False, False, 4, 7, '2024-02-05 00:00:00', '2024-02-23 00:00:00'),
(152, 7, 'Disque dur pratique', 'Indispensable pour la session.', 'FLE', 230.1, 3, 'Comme neuf', 'Café étudiant', False, False, 177, 4, '2024-06-07 00:00:00', '2024-06-23 00:00:00'),
(153, 8, 'Sous-location étudiant', 'Parfait pour débuter.', 'PHY', 231.07, 8, 'Neuf', 'Pavillon Alexandre-Vachon', False, False, 60, 15, '2024-04-14 00:00:00', '2024-04-15 00:00:00'),
(154, 3, 'Planche à dessin ULaval', 'Bon état général, quelques signes d''usage.', 'ECO', 1052.58, 10, 'Bon état', 'Pavillon Adrien-Pouliot', False, False, 92, 14, '2024-03-12 00:00:00', '2024-04-02 00:00:00'),
(155, 1, 'Manuel', 'Comme neuf, acheté il y a 6 mois.', 'DRT', 851.75, 6, 'Neuf', 'Bibliothèque', False, False, 178, 13, '2024-06-02 00:00:00', '2024-06-06 00:00:00'),
(156, 5, 'Notes de cours ULaval', 'Premier arrivé premier servi.', 'FLE', 191.58, 11, 'Neuf', 'Pavillon Alexandre-Vachon', True, False, 153, 14, '2024-06-10 00:00:00', '2024-06-13 00:00:00'),
(157, 4, 'Manuel de', 'En excellent état, peu utilisé.', 'ECO', 625.37, 1, 'Comme neuf', 'Pavillon Charles-Eugène-Marchand', False, False, 96, 6, '2024-04-24 00:00:00', '2024-05-13 00:00:00'),
(158, 3, 'Clé USB de qualité', 'Parfait état, dans sa boîte originale.', 'CHM', 400.31, 12, 'Usagé', 'Pavillon Adrien-Pouliot', False, False, 24, 11, '2024-01-21 00:00:00', '2024-02-18 00:00:00'),
(159, 3, 'Cahier d''exercices', 'Négociable dans la limite du raisonnable.', 'MED', 1039.62, 12, 'Neuf', 'Pavillon Félix-Antoine-Savard', False, False, 47, 8, '2024-05-24 00:00:00', '2024-06-19 00:00:00'),
(160, 3, 'Cahier de qualité', 'Parfait état, dans sa boîte originale.', 'PHY', 492.2, 1, 'Comme neuf', 'Appartement Plateau', False, False, 111, 13, '2024-03-25 00:00:00', '2024-03-30 00:00:00'),
(161, 2, 'Calculatrice scientifique', 'Parfait état, dans sa boîte originale.', 'PHY', 182.23, 9, 'Comme neuf', 'Pavillon Alexandre-Vachon', False, False, 198, 2, '2024-05-03 00:00:00', '2024-05-25 00:00:00'),
(162, 5, 'Compas 2024', 'Comme neuf, acheté il y a 6 mois.', 'PHY', 834.63, 3, 'Usagé', 'Pavillon Gene-H.-Kruger', True, False, 49, 5, '2024-05-01 00:00:00', '2024-05-19 00:00:00'),
(163, 3, 'Sac à dos de qualité', 'Comme neuf, acheté il y a 6 mois.', 'DRT', 1098.29, 4, 'Comme neuf', 'Stationnement PEPS', False, False, 181, 2, '2024-04-21 00:00:00', '2024-04-24 00:00:00'),
(164, 6, 'Table', 'Bon état général, quelques signes d''usage.', 'CHM', 894.91, 7, 'Bon état', 'Pavillon Alexandre-Vachon', False, False, 97, 5, '2024-04-12 00:00:00', '2024-05-01 00:00:00'),
(165, 4, 'Agrafeuse pratique', 'Échange possible contre matériel informatique.', 'MAT', 154.09, 1, 'Comme neuf', 'Bibliothèque', False, False, 103, 8, '2024-03-05 00:00:00', '2024-03-23 00:00:00'),
(166, 7, 'Vélo étudiant', 'Parfait pour débuter.', 'BIO', 543.12, 9, 'Neuf', 'Pavillon Adrien-Pouliot', False, False, 182, 1, '2024-05-19 00:00:00', '2024-06-17 00:00:00'),
(167, 4, 'Clavier bluetooth', 'Idéal pour les étudiants, fonctionne parfaitement.', 'GEL', 101.81, 7, 'Comme neuf', 'Pavillon Alexandre-Vachon', True, False, 81, 0, '2024-01-25 00:00:00', '2024-01-29 00:00:00'),
(168, 1, 'Écran étudiant', 'Parfait pour les cours, très pratique.', 'MED', 32.93, 9, 'Bon état', 'Appartement Plateau', False, False, 114, 3, '2024-06-22 00:00:00', '2024-07-11 00:00:00'),
(169, 1, 'Vélo de route', 'Négociable dans la limite du raisonnable.', 'CHM', 395.77, 3, 'Bon état', 'Résidences PEPS', True, False, 91, 12, '2024-06-01 00:00:00', '2024-06-13 00:00:00'),
(170, 5, 'Casque de vélo de qualité', 'Équipement professionnel, qualité garantie.', 'DRT', 955.44, 9, 'Bon état', 'Pavillon Alexandre-Vachon', False, False, 106, 15, '2024-05-03 00:00:00', '2024-05-29 00:00:00'),
(171, 8, 'Vélo de route', 'Très bon rapport qualité-prix.', 'MED', 1026.0, 12, 'Usagé', 'Pavillon Charles-Eugène-Marchand', False, False, 155, 3, '2024-03-26 00:00:00', '2024-04-12 00:00:00'),
(172, 1, 'Trottinette pour cours', 'Vendu avec accessoires.', 'HIS', 376.69, 10, 'Bon état', 'Appartement Plateau', False, False, 153, 2, '2024-04-27 00:00:00', '2024-05-04 00:00:00'),
(173, 2, 'Calculatrice scientifique de qualité', 'Négociable dans la limite du raisonnable.', 'GEL', 960.13, 8, 'Usagé', 'Pavillon Ferdinand-Vandry', False, False, 189, 1, '2024-01-07 00:00:00', '2024-01-11 00:00:00'),
(174, 2, 'Tablette', 'Parfait pour débuter.', 'PHY', 220.45, 10, 'Bon état', 'Résidences PEPS', False, False, 26, 10, '2024-05-15 00:00:00', '2024-05-16 00:00:00'),
(175, 7, 'Enceinte étudiant', 'Idéal pour les étudiants, fonctionne parfaitement.', 'CHM', 1046.42, 4, 'Comme neuf', 'Appartement Plateau', False, False, 89, 12, '2024-02-05 00:00:00', '2024-02-09 00:00:00'),
(176, 2, 'Casque de vélo', 'Indispensable pour la session.', 'FLE', 1188.53, 2, 'Comme neuf', 'Résidences étudiantes', False, False, 186, 9, '2024-04-13 00:00:00', '2024-05-04 00:00:00'),
(177, 4, 'Cahier d''exercices', 'Parfait pour les cours, très pratique.', 'DRT', 1020.88, 1, 'Usagé', 'Colocation Sainte-Foy', True, False, 153, 12, '2024-02-04 00:00:00', '2024-02-20 00:00:00'),
(178, 8, 'Enceinte de qualité', 'Parfait pour débuter.', 'MED', 546.69, 9, 'Neuf', 'Résidences PEPS', False, False, 150, 8, '2024-03-21 00:00:00', '2024-04-12 00:00:00'),
(179, 3, 'Crayon pratique', 'Parfait état, dans sa boîte originale.', 'FLE', 684.01, 10, 'Neuf', 'Pavillon Félix-Antoine-Savard', False, False, 72, 9, '2024-02-26 00:00:00', '2024-02-28 00:00:00'),
(180, 7, 'Pass festival pour cours', 'Parfait état, dans sa boîte originale.', 'ECO', 1189.99, 2, 'Usagé', 'Pavillon Adrien-Pouliot', False, False, 177, 12, '2024-03-31 00:00:00', '2024-04-07 00:00:00'),
(181, 4, 'Calculatrice scientifique pratique', 'Très bon rapport qualité-prix.', 'MED', 582.44, 9, 'Usagé', 'Pavillon Charles-Eugène-Marchand', False, False, 194, 14, '2024-03-27 00:00:00', '2024-04-03 00:00:00'),
(182, 5, 'Stylo de qualité', 'Négociable dans la limite du raisonnable.', 'MAT', 347.13, 12, 'Neuf', 'Résidences étudiantes', False, False, 79, 15, '2024-05-15 00:00:00', '2024-06-11 00:00:00'),
(183, 6, 'Vélo électrique', 'Vendu avec accessoires.', 'DRT', 466.48, 1, 'Usagé', 'Colocation Sainte-Foy', False, False, 146, 13, '2024-02-02 00:00:00', '2024-02-29 00:00:00'),
(184, 5, 'Bureau étudiant', 'Échange possible contre matériel informatique.', 'CHM', 149.48, 5, 'Comme neuf', 'Pavillon Ferdinand-Vandry', False, False, 17, 1, '2024-06-19 00:00:00', '2024-06-26 00:00:00'),
(185, 2, 'Enceinte ULaval', 'Parfait état, dans sa boîte originale.', 'MAT', 793.37, 2, 'Comme neuf', 'Pavillon Adrien-Pouliot', False, False, 70, 7, '2024-02-13 00:00:00', '2024-03-12 00:00:00'),
(186, 1, 'Crayon', 'Premier arrivé premier servi.', 'BIO', 1079.42, 3, 'Comme neuf', 'Pavillon Félix-Antoine-Savard', False, False, 68, 14, '2024-06-06 00:00:00', '2024-06-16 00:00:00'),
(187, 7, 'Chargeur 2024', 'Échange possible contre matériel informatique.', 'MAT', 887.07, 10, 'Comme neuf', 'Pavillon Adrien-Pouliot', True, False, 164, 7, '2024-01-25 00:00:00', '2024-02-09 00:00:00'),
(188, 1, 'Guide d''étude de qualité', 'Premier arrivé premier servi.', 'FLE', 586.09, 12, 'Usagé', 'Café étudiant', False, False, 142, 14, '2024-06-15 00:00:00', '2024-06-20 00:00:00'),
(189, 2, 'Guide d''étude', 'Idéal pour les étudiants, fonctionne parfaitement.', 'DRT', 668.83, 2, 'Comme neuf', 'Pavillon Adrien-Pouliot', False, False, 116, 5, '2024-01-28 00:00:00', '2024-02-16 00:00:00'),
(190, 5, 'Colocation', 'Vendu avec accessoires.', 'CHM', 152.9, 1, 'Usagé', 'Résidences PEPS', False, False, 15, 7, '2024-01-04 00:00:00', '2024-01-21 00:00:00'),
(191, 4, 'Chaise', 'Échange possible contre matériel informatique.', 'MAT', 583.91, 7, 'Neuf', 'Café étudiant', False, False, 166, 13, '2024-01-21 00:00:00', '2024-02-04 00:00:00'),
(192, 5, 'Notes de cours étudiant', 'Négociable dans la limite du raisonnable.', 'DRT', 282.09, 1, 'Bon état', 'Pavillon Charles-Eugène-Marchand', False, False, 64, 8, '2024-04-07 00:00:00', '2024-05-06 00:00:00'),
(193, 3, 'Compas', 'Très bon rapport qualité-prix.', 'HIS', 1092.66, 4, 'Neuf', 'Pavillon Gene-H.-Kruger', False, False, 42, 15, '2024-01-14 00:00:00', '2024-01-28 00:00:00'),
(194, 3, 'Billet spectacle', 'Idéal pour les étudiants, fonctionne parfaitement.', 'PHY', 805.67, 7, 'Usagé', 'Pavillon Gene-H.-Kruger', False, False, 26, 7, '2024-05-19 00:00:00', '2024-06-02 00:00:00'),
(195, 8, 'Compas', 'Bon état général, quelques signes d''usage.', 'DES', 372.09, 12, 'Usagé', 'Pavillon Adrien-Pouliot', False, False, 117, 2, '2024-06-22 00:00:00', '2024-06-25 00:00:00'),
(196, 1, 'Chambre', 'Idéal pour les étudiants, fonctionne parfaitement.', 'ECO', 789.7, 6, 'Neuf', 'Café étudiant', True, False, 165, 3, '2024-02-12 00:00:00', '2024-03-12 00:00:00'),
(197, 8, 'Écran ULaval', 'Parfait état, dans sa boîte originale.', 'BIO', 1109.89, 12, 'Neuf', 'Pavillon Alexandre-Vachon', False, False, 70, 5, '2024-02-11 00:00:00', '2024-02-22 00:00:00'),
(198, 1, 'Manuel de', 'Négociable dans la limite du raisonnable.', 'MED', 249.13, 7, 'Bon état', 'Stationnement PEPS', False, False, 49, 3, '2024-05-24 00:00:00', '2024-06-01 00:00:00'),
(199, 8, 'Crayons de couleur', 'Parfait pour les cours, très pratique.', 'DES', 428.89, 1, 'Usagé', 'Pavillon Ferdinand-Vandry', False, False, 12, 12, '2024-02-16 00:00:00', '2024-02-22 00:00:00'),
(200, 4, 'Souris sans fil', 'Vendu avec accessoires.', 'MED', 1029.9, 11, 'Usagé', 'Colocation Sainte-Foy', True, False, 39, 10, '2024-05-27 00:00:00', '2024-06-24 00:00:00');

INSERT INTO conversations (conversation_id, listing_id, buyer_id, seller_id, last_message_at, created_at, updated_at) VALUES
(10, 16, 1, 3, '2024-03-07 10:00:00', '2024-03-06 09:00:00', '2024-03-07 10:00:00'),
(11, 17, 2, 2, '2024-03-08 14:00:00', '2024-03-07 10:00:00', '2024-03-08 14:00:00'),
(12, 18, 3, 4, '2024-03-09 16:00:00', '2024-03-08 12:00:00', '2024-03-09 16:00:00'),
(13, 19, 4, 6, '2024-03-10 11:00:00', '2024-03-09 09:00:00', '2024-03-10 11:00:00'),
(14, 20, 5, 4, '2024-03-11 13:00:00', '2024-03-10 10:00:00', '2024-03-11 13:00:00'),
(15, 21, 6, 8, '2024-03-12 15:00:00', '2024-03-11 14:00:00', '2024-03-12 15:00:00'),
(16, 22, 7, 1, '2024-03-13 09:00:00', '2024-03-12 08:00:00', '2024-03-13 09:00:00'),
(17, 23, 8, 5, '2024-03-14 17:00:00', '2024-03-13 11:00:00', '2024-03-14 17:00:00'),
(18, 24, 1, 7, '2024-03-15 12:00:00', '2024-03-14 10:00:00', '2024-03-15 12:00:00'),
(19, 25, 2, 3, '2024-03-16 14:00:00', '2024-03-15 09:00:00', '2024-03-16 14:00:00'),
(20, 26, 3, 8, '2024-03-17 10:00:00', '2024-03-16 13:00:00', '2024-03-17 10:00:00'),
(21, 27, 4, 6, '2024-03-18 16:00:00', '2024-03-17 10:00:00', '2024-03-18 16:00:00'),
(22, 28, 5, 4, '2024-03-19 11:00:00', '2024-03-18 09:00:00', '2024-03-19 11:00:00'),
(23, 29, 6, 2, '2024-03-20 13:00:00', '2024-03-19 15:00:00', '2024-03-20 13:00:00'),
(24, 30, 7, 1, '2024-03-21 15:00:00', '2024-03-20 14:00:00', '2024-03-21 15:00:00'),
(25, 31, 8, 5, '2024-03-22 09:00:00', '2024-03-21 11:00:00', '2024-03-22 09:00:00'),
(26, 32, 1, 7, '2024-03-23 14:00:00', '2024-03-22 10:00:00', '2024-03-23 14:00:00'),
(27, 33, 2, 3, '2024-03-24 16:00:00', '2024-03-23 09:00:00', '2024-03-24 16:00:00'),
(28, 34, 3, 6, '2024-03-25 12:00:00', '2024-03-24 13:00:00', '2024-03-25 12:00:00'),
(29, 35, 4, 4, '2024-03-26 10:00:00', '2024-03-25 08:00:00', '2024-03-26 10:00:00'),
(30, 36, 5, 2, '2024-03-27 17:00:00', '2024-03-26 11:00:00', '2024-03-27 17:00:00');

INSERT INTO messages (message_id, conversation_id, sender_id, content, is_read, created_at) VALUES
(29, 1, 1, 'Peux-tu me faire une photo de l''intérieur?', True, '2024-01-15 00:00:00'),
(30, 1, 3, 'Ah parfait, c''est l''édition qu''il faut!', True, '2024-01-06 00:00:00'),
(31, 1, 1, 'Tu l''as utilisé longtemps?', True, '2024-01-06 00:00:00'),
(32, 1, 3, 'Un seul semestre, comme neuf', True, '2024-05-19 00:00:00'),
(33, 1, 1, 'C''est toujours d''actualité?', True, '2024-01-23 00:00:00'),
(34, 2, 3, 'Oui, toujours en vente', True, '2024-04-24 00:00:00'),
(35, 2, 2, 'Est-ce que tu as encore la facture?', True, '2024-06-15 00:00:00'),
(36, 2, 2, 'Tu l''as utilisé longtemps?', False, '2024-03-16 00:00:00'),
(37, 2, 3, 'Je suis libre demain après-midi', True, '2024-03-02 00:00:00'),
(38, 2, 3, 'C''est toujours d''actualité?', False, '2024-04-11 00:00:00'),
(39, 2, 2, 'C''est pour le cours de bio cellulaire', False, '2024-04-03 00:00:00'),
(40, 3, 6, 'Quand est-ce que tu es dispo pour l''échange?', True, '2024-01-22 00:00:00'),
(41, 3, 4, 'Pas de problème, c''est pour quel cours?', False, '2024-06-15 00:00:00'),
(42, 3, 4, 'Ça marche, on se voit à Vachon?', True, '2024-04-07 00:00:00'),
(43, 4, 1, 'Oui je t''envoie ça', False, '2024-05-30 00:00:00'),
(44, 4, 1, 'Quand est-ce que tu es dispo pour l''échange?', False, '2024-03-18 00:00:00'),
(45, 4, 1, 'Pas de problème, c''est pour quel cours?', True, '2024-06-07 00:00:00'),
(46, 4, 1, 'Oui parfait, à 14h?', True, '2024-05-16 00:00:00'),
(47, 4, 1, 'Peux-tu me faire une photo de l''intérieur?', True, '2024-01-25 00:00:00'),
(48, 4, 1, 'C''est toujours d''actualité?', False, '2024-05-06 00:00:00'),
(49, 5, 4, 'Non désolé, je l''ai perdue', True, '2024-01-10 00:00:00'),
(50, 5, 4, 'Tu l''as utilisé longtemps?', True, '2024-06-24 00:00:00'),
(51, 5, 4, 'C''est pour le cours de bio cellulaire', True, '2024-03-19 00:00:00'),
(52, 5, 4, 'Oui parfait, à 14h?', True, '2024-05-19 00:00:00'),
(53, 5, 4, 'C''est toujours d''actualité?', True, '2024-05-10 00:00:00'),
(54, 5, 4, 'Peux-tu me faire une photo de l''intérieur?', True, '2024-01-07 00:00:00'),
(55, 5, 4, 'Ah parfait, c''est l''édition qu''il faut!', True, '2024-02-10 00:00:00'),
(56, 6, 1, 'Est-ce que tu as encore la facture?', False, '2024-03-14 00:00:00'),
(57, 6, 2, 'C''est pour le cours de bio cellulaire', True, '2024-03-03 00:00:00'),
(58, 6, 1, 'C''est toujours d''actualité?', True, '2024-02-13 00:00:00'),
(59, 6, 1, 'Est-ce que tu as encore la facture?', False, '2024-01-29 00:00:00'),
(60, 6, 1, 'Ah parfait, c''est l''édition qu''il faut!', True, '2024-06-27 00:00:00'),
(61, 6, 1, 'Tu l''as utilisé longtemps?', False, '2024-03-01 00:00:00'),
(62, 6, 2, 'Salut! C''est encore disponible?', True, '2024-04-14 00:00:00'),
(63, 7, 1, 'Merci beaucoup!', False, '2024-05-03 00:00:00'),
(64, 7, 1, 'De rien, à plus!', True, '2024-02-29 00:00:00'),
(65, 7, 1, 'Oui toujours dispo!', True, '2024-05-18 00:00:00'),
(66, 7, 1, 'Est-ce que tu as encore la facture?', True, '2024-06-14 00:00:00'),
(67, 7, 2, 'Est-ce que tu as encore la facture?', False, '2024-04-17 00:00:00'),
(68, 7, 2, 'C''est pour le cours de bio cellulaire', True, '2024-06-14 00:00:00'),
(69, 8, 3, 'Ça marche, à demain!', False, '2024-01-01 00:00:00'),
(70, 8, 1, 'Merci beaucoup!', True, '2024-04-06 00:00:00'),
(71, 8, 1, 'Peux-tu me faire une photo de l''intérieur?', False, '2024-05-18 00:00:00'),
(72, 8, 3, 'Tu peux baisser un peu le prix?', False, '2024-06-09 00:00:00'),
(73, 8, 3, 'Ah parfait, c''est l''édition qu''il faut!', True, '2024-01-06 00:00:00'),
(74, 8, 1, 'Est-ce que tu as encore la facture?', True, '2024-02-29 00:00:00'),
(75, 8, 1, 'Oui toujours dispo!', True, '2024-04-26 00:00:00'),
(76, 9, 7, 'Merci beaucoup!', True, '2024-01-07 00:00:00'),
(77, 9, 6, 'C''est déjà un bon prix, mais je peux faire -10$', False, '2024-06-03 00:00:00'),
(78, 9, 7, 'C''est pour le cours de bio cellulaire', True, '2024-02-19 00:00:00'),
(79, 9, 6, 'Je suis libre demain après-midi', False, '2024-04-15 00:00:00'),
(80, 9, 6, 'C''est déjà un bon prix, mais je peux faire -10$', True, '2024-04-03 00:00:00'),
(81, 10, 7, 'Oui, toujours en vente', False, '2024-05-07 00:00:00'),
(82, 10, 8, 'Parfait, ça marche!', True, '2024-04-26 00:00:00'),
(83, 11, 5, 'C''est déjà un bon prix, mais je peux faire -10$', True, '2024-01-11 00:00:00'),
(84, 11, 2, 'Je suis libre demain après-midi', False, '2024-02-21 00:00:00'),
(85, 11, 2, 'De rien, à plus!', True, '2024-03-26 00:00:00'),
(86, 11, 8, 'Pas de problème, c''est pour quel cours?', True, '2024-02-20 00:00:00'),
(87, 12, 6, 'C''est toujours d''actualité?', False, '2024-04-26 00:00:00'),
(88, 12, 2, 'Ça marche, à demain!', False, '2024-02-12 00:00:00'),
(89, 12, 2, 'C''est pour le cours de bio cellulaire', False, '2024-05-07 00:00:00'),
(90, 13, 2, 'Oui, toujours en vente', False, '2024-05-20 00:00:00'),
(91, 13, 5, 'Oui je t''envoie ça', True, '2024-01-06 00:00:00'),
(92, 13, 5, 'Parfait, ça marche!', True, '2024-02-07 00:00:00'),
(93, 14, 7, 'Non désolé, je l''ai perdue', True, '2024-03-13 00:00:00'),
(94, 14, 4, 'Je suis libre demain après-midi', True, '2024-01-11 00:00:00'),
(95, 15, 7, 'Oui parfait, à 14h?', False, '2024-05-17 00:00:00'),
(96, 15, 2, 'Oui je t''envoie ça', False, '2024-01-14 00:00:00'),
(97, 15, 7, 'Oui parfait, à 14h?', True, '2024-03-18 00:00:00'),
(98, 15, 6, 'Tu peux baisser un peu le prix?', True, '2024-02-06 00:00:00'),
(99, 15, 4, 'Oui, toujours en vente', False, '2024-04-28 00:00:00'),
(100, 16, 2, 'Ah parfait, c''est l''édition qu''il faut!', False, '2024-01-15 00:00:00'),
(101, 16, 3, 'Ça marche, à demain!', True, '2024-03-30 00:00:00'),
(102, 16, 4, 'De rien, à plus!', True, '2024-05-26 00:00:00'),
(103, 16, 7, 'Tu l''as utilisé longtemps?', True, '2024-06-06 00:00:00'),
(104, 16, 5, 'Oui je t''envoie ça', False, '2024-04-20 00:00:00'),
(105, 17, 1, 'C''est pour le cours de bio cellulaire', False, '2024-04-16 00:00:00'),
(106, 17, 3, 'Ah parfait, c''est l''édition qu''il faut!', True, '2024-02-06 00:00:00'),
(107, 18, 1, 'Parfait, ça marche!', True, '2024-02-26 00:00:00'),
(108, 18, 6, 'Est-ce que tu as encore la facture?', False, '2024-06-04 00:00:00'),
(109, 18, 8, 'De rien, à plus!', True, '2024-05-24 00:00:00'),
(110, 19, 4, 'C''est déjà un bon prix, mais je peux faire -10$', False, '2024-04-05 00:00:00'),
(111, 19, 6, 'Pas de problème, c''est pour quel cours?', True, '2024-02-29 00:00:00'),
(112, 19, 7, 'Non désolé, je l''ai perdue', False, '2024-03-20 00:00:00'),
(113, 19, 2, 'De rien, à plus!', True, '2024-06-27 00:00:00'),
(114, 19, 5, 'Salut! C''est encore disponible?', True, '2024-03-22 00:00:00'),
(115, 19, 2, 'Non désolé, je l''ai perdue', True, '2024-02-13 00:00:00'),
(116, 20, 3, 'C''est pour le cours de bio cellulaire', False, '2024-06-06 00:00:00'),
(117, 20, 6, 'Oui je t''envoie ça', False, '2024-02-27 00:00:00'),
(118, 21, 8, 'Ah parfait, c''est l''édition qu''il faut!', False, '2024-04-12 00:00:00'),
(119, 21, 4, 'Non désolé, je l''ai perdue', True, '2024-03-16 00:00:00'),
(120, 22, 3, 'Oui, toujours en vente', False, '2024-01-23 00:00:00'),
(121, 22, 5, 'Salut! C''est encore disponible?', True, '2024-04-15 00:00:00'),
(122, 22, 7, 'Oui parfait, à 14h?', True, '2024-02-25 00:00:00'),
(123, 22, 4, 'Merci beaucoup!', True, '2024-05-23 00:00:00'),
(124, 23, 3, 'Parfait, ça marche!', True, '2024-01-31 00:00:00'),
(125, 23, 8, 'Oui parfait, à 14h?', True, '2024-01-18 00:00:00'),
(126, 23, 7, 'Un seul semestre, comme neuf', False, '2024-05-07 00:00:00'),
(127, 23, 2, 'Pas de problème, c''est pour quel cours?', True, '2024-06-15 00:00:00'),
(128, 24, 4, 'Super, je prends!', True, '2024-05-31 00:00:00'),
(129, 24, 8, 'Super, je prends!', False, '2024-05-24 00:00:00'),
(130, 24, 1, 'Ça marche, à demain!', True, '2024-02-04 00:00:00'),
(131, 25, 7, 'Tu l''as utilisé longtemps?', True, '2024-03-07 00:00:00'),
(132, 25, 5, 'Oui, toujours en vente', True, '2024-04-20 00:00:00'),
(133, 25, 6, 'Pas de problème, c''est pour quel cours?', True, '2024-04-11 00:00:00'),
(134, 25, 6, 'Tu peux baisser un peu le prix?', False, '2024-05-22 00:00:00'),
(135, 26, 4, 'Pas de problème, c''est pour quel cours?', True, '2024-05-16 00:00:00'),
(136, 26, 2, 'Non désolé, je l''ai perdue', True, '2024-02-09 00:00:00'),
(137, 26, 3, 'Super, je prends!', False, '2024-03-31 00:00:00'),
(138, 26, 3, 'Non désolé, je l''ai perdue', True, '2024-02-23 00:00:00'),
(139, 26, 2, 'Parfait, ça marche!', False, '2024-01-28 00:00:00'),
(140, 27, 5, 'C''est pour le cours de bio cellulaire', True, '2024-04-04 00:00:00'),
(141, 27, 4, 'Merci beaucoup!', True, '2024-05-16 00:00:00'),
(142, 27, 7, 'Oui, toujours en vente', False, '2024-02-09 00:00:00'),
(143, 27, 7, 'De rien, à plus!', True, '2024-03-21 00:00:00'),
(144, 28, 2, 'Oui parfait, à 14h?', True, '2024-01-28 00:00:00'),
(145, 28, 5, 'Salut! C''est encore disponible?', True, '2024-04-11 00:00:00'),
(146, 28, 7, 'Ça marche, on se voit à Vachon?', False, '2024-02-01 00:00:00'),
(147, 28, 5, 'Merci beaucoup!', False, '2024-06-02 00:00:00'),
(148, 28, 7, 'Un seul semestre, comme neuf', True, '2024-01-21 00:00:00'),
(149, 28, 2, 'Ah parfait, c''est l''édition qu''il faut!', False, '2024-02-19 00:00:00'),
(150, 29, 7, 'Un seul semestre, comme neuf', True, '2024-05-02 00:00:00'),
(151, 29, 1, 'Non désolé, je l''ai perdue', True, '2024-03-19 00:00:00'),
(152, 29, 6, 'Peux-tu me faire une photo de l''intérieur?', True, '2024-06-29 00:00:00'),
(153, 29, 3, 'C''est déjà un bon prix, mais je peux faire -10$', True, '2024-06-28 00:00:00'),
(154, 29, 3, 'Je suis libre demain après-midi', True, '2024-01-30 00:00:00'),
(155, 30, 4, 'Salut! C''est encore disponible?', False, '2024-05-11 00:00:00'),
(156, 30, 1, 'De rien, à plus!', False, '2024-06-18 00:00:00'),
(157, 30, 6, 'Pas de problème, c''est pour quel cours?', True, '2024-03-06 00:00:00'),
(158, 30, 4, 'Ça marche, on se voit à Vachon?', False, '2024-01-30 00:00:00'),
(159, 30, 3, 'C''est toujours d''actualité?', True, '2024-02-12 00:00:00');

